{"interactable_0": {
  "canMove": true,
  "currentAnimation": "idle",
  "collY": 65.19999999999999,
  "collX": 42.52586799999951,
  "type": "Player",
  "widthColl": 40.74,
  "x": 16.648404010741526,
  "width": 100.948246196698,
  "y": 135.10076904296875,
  "hightColl": 57.15,
  "state": "IDLE",
  "height": 100.948246196698,
  "direction": "LEFT"
}}