{"player_0": {
  "canMove": false,
  "currentAnimation": "idle",
  "collY": 309,
  "collX": 919.7594409999961,
  "type": "Player",
  "detectionCount": 1,
  "widthColl": 32,
  "x": 886.6453090725074,
  "width": 100.948246196698,
  "y": 376.10076904296875,
  "hightColl": 55,
  "state": "IDLE",
  "itemUsage": {},
  "height": 100.948246196698,
  "direction": "RIGHT"
}}