{
  "canMove": true,
  "currentAnimation": "idle",
  "collY": 65.2,
  "collX": 59.43,
  "type": "Player",
  "widthColl": 40.74,
  "x": 33.55253601074219,
  "width": 100.948246196698,
  "y": 135.10076904296875,
  "hightColl": 57.15,
  "state": "IDLE",
  "height": 100.948246196698,
  "direction": "RIGHT"
}