{"player_0": {
  "canMove": true,
  "currentAnimation": "idle",
  "collY": 69,
  "collX": 113.10114100000001,
  "type": "Player",
  "detectionCount": 0,
  "widthColl": 32,
  "x": 79.98700714111328,
  "width": 100.948246196698,
  "y": 136.10076904296875,
  "hightColl": 55,
  "state": "IDLE",
  "itemUsage": {},
  "height": 100.948246196698,
  "direction": "RIGHT"
}}