{"player_0": {
  "canMove": true,
  "currentAnimation": "idle",
  "collY": 427,
  "collX": 536.7966479999986,
  "type": "Player",
  "detectionCount": 0,
  "widthColl": 40.74,
  "x": 509.3491840107408,
  "width": 100.948246196698,
  "y": 495.1007690429688,
  "hightColl": 57.15,
  "state": "IDLE",
  "itemUsage": {},
  "height": 100.948246196698,
  "direction": "RIGHT"
}}