{
  "canMove": true,
  "currentAnimation": "idle",
  "collY": 425.20000000000005,
  "collX": 500.0170089999988,
  "type": "Player",
  "widthColl": 40.74,
  "x": 474.1395450107407,
  "width": 100.948246196698,
  "y": 495.1007690429688,
  "hightColl": 57.15,
  "state": "IDLE",
  "height": 100.948246196698,
  "direction": "RIGHT"
}