{
  "canMove": true,
  "currentAnimation": "idle",
  "collY": 65.2,
  "collX": 459.6293269999996,
  "type": "Player",
  "widthColl": 40.74,
  "x": 433.7518630107418,
  "width": 100.948246196698,
  "y": 135.10076904296875,
  "hightColl": 57.15,
  "state": "IDLE",
  "height": 100.948246196698,
  "direction": "LEFT"
}