{"player_0": {
  "canMove": true,
  "currentAnimation": "idle",
  "collY": 425.20000000000005,
  "collX": 531.575336000001,
  "type": "Player",
  "detectionCount": 0,
  "widthColl": 40.74,
  "x": 505.6978720107429,
  "width": 100,
  "y": 495.10076904296875,
  "hightColl": 57.15,
  "state": "IDLE",
  "itemUsage": {},
  "height": 100,
  "direction": "RIGHT"
}}