{
  "canMove": false,
  "currentAnimation": "idle",
  "collY": 65.2,
  "collX": 208.03575199999977,
  "type": "Player",
  "widthColl": 40.74,
  "x": 183.1582880107421,
  "width": 100.948246196698,
  "y": 134.60076904296875,
  "hightColl": 57.15,
  "state": "IDLE",
  "height": 100.948246196698,
  "direction": "RIGHT"
}