{
  "canMove": true,
  "currentAnimation": "idle",
  "collY": 185.2,
  "collX": 405.72508199999965,
  "type": "Player",
  "widthColl": 40.74,
  "x": 379.8476180107419,
  "width": 100.948246196698,
  "y": 255.10076904296875,
  "hightColl": 57.15,
  "state": "IDLE",
  "height": 100.948246196698,
  "direction": "RIGHT"
}