{"player_0": {
  "canMove": true,
  "currentAnimation": "idle",
  "collY": 305.2,
  "collX": 201.55542800000123,
  "type": "Player",
  "money": 0,
  "detectionCount": 0,
  "widthColl": 40.74,
  "x": 175.67796401074375,
  "width": 100.948246196698,
  "y": 375.10076904296875,
  "hightColl": 57.15,
  "state": "IDLE",
  "itemUsage": {},
  "height": 100.948246196698,
  "direction": "LEFT"
}}