{"player_0": {
  "canMove": true,
  "currentAnimation": "idle",
  "collY": 189,
  "collX": 381.03955300000035,
  "type": "Player",
  "detectionCount": 0,
  "widthColl": 32,
  "x": 347.9254210725099,
  "width": 100.948246196698,
  "y": 256.10076904296875,
  "hightColl": 55,
  "state": "IDLE",
  "itemUsage": {},
  "height": 100.948246196698,
  "direction": "RIGHT"
}}