{"player_0": {
  "canMove": true,
  "currentAnimation": "idle",
  "collY": 185.2,
  "collX": 388.85030399999977,
  "type": "Player",
  "money": 0,
  "detectionCount": 0,
  "widthColl": 40.74,
  "x": 362.9728400107419,
  "width": 100.948246196698,
  "y": 255.10076904296875,
  "hightColl": 57.15,
  "state": "IDLE",
  "itemUsage": {},
  "height": 100.948246196698,
  "direction": "RIGHT"
}}