{"player_0": {
  "canMove": true,
  "currentAnimation": "idle",
  "collY": 69,
  "collX": 686.3995040000007,
  "type": "Player",
  "detectionCount": 0,
  "widthColl": 32,
  "x": 653.2853235859377,
  "width": 100.948246196698,
  "y": 136.10076904296875,
  "hightColl": 55,
  "state": "IDLE",
  "itemUsage": {},
  "height": 100.948246196698,
  "direction": "LEFT"
}}