{"police_0": {
  "currentAnimation": "patrol",
  "collY": 537.5,
  "collX": 220.64939199999975,
  "stunDuration": 0,
  "type": "Police",
  "widthColl": 43,
  "x": 192.03198832495127,
  "width": 101.948246196698,
  "y": 618.5289306640625,
  "wasPlayerDetectedLastFrame": false,
  "hightColl": 68,
  "state": "PATROL",
  "height": 101.948246196698,
  "direction": "RIGHT"
}}