{"police_0": {
  "currentAnimation": "patrol",
  "collY": 510,
  "collX": 592.2809919999992,
  "stunDuration": 0,
  "type": "Police",
  "widthColl": 43,
  "x": 564.0153364824208,
  "width": 101.948,
  "y": 589.6926879882812,
  "hightColl": 68,
  "state": "PATROL",
  "height": 101.948,
  "direction": "LEFT"
}}