{"police_0": {
  "currentAnimation": "patrol",
  "collY": 537.5,
  "collX": 567.3385030000011,
  "stunDuration": -0.008902399999998298,
  "type": "Police",
  "widthColl": 43,
  "x": 538.7210866181648,
  "width": 101.948246196698,
  "y": 618.5289306640625,
  "hightColl": 68,
  "state": "PATROL",
  "height": 101.948246196698,
  "direction": "RIGHT"
}}