{
  "police_0": {
    "currentAnimation": "patrol",
    "collY": 507,
    "collX": 760.5278720000009,
    "stunDuration": 0,
    "type": "Police",
    "widthColl": 43,
    "x": 734.5538729765634,
    "width": 101.948,
    "y": 587.5260009765625,
    "hightColl": 68,
    "state": "PATROL",
    "height": 101.948,
    "direction": "RIGHT"
  },
  "police_1": {
    "currentAnimation": "patrol",
    "collY": 60,
    "collX": 785.9616130000032,
    "stunDuration": -0.008242099999998222,
    "type": "Police",
    "widthColl": 43,
    "x": 758.2376139765657,
    "width": 101.948,
    "y": 139.5260009765625,
    "hightColl": 68,
    "state": "PATROL",
    "height": 101.948,
    "direction": "RIGHT"
  }
}